trial_id,mdim_mean,mdim_std,mdim_nan_mean,mdim_nan_std,cdim_mean,cdim_std,cdim_nan_mean,cdim_nan_std,nreward_mean,nreward_std,ureward_mean,ureward_std,post,len_mean,time_this_iter_s,done,timesteps_total,episodes_total,training_iteration,experiment_id,date,timestamp,time_total_s,pid,hostname,node_ip,time_since_restore,timesteps_since_restore,iterations_since_restore,experiment_tag,config.ars_iters,config.mdim_trials,config.post,config.env_name,config.algo,config.agent_folder
25380_00000,1.560541337998226,0.14520258087652924,1.560541337998226,0.14520258087652924,5.336189767856764,0.6613076578920933,5.336189767856764,0.6613076578920933,33.376486206054686,0.1703490298796122,2111.3645081,10.776165352270969,iden,1000.0,9.567378044128418,True,,,1,54fae9305d85449fb920d7279bb3acc7,2021-09-06_13-29-44,1630960184,9.567378044128418,732,kbuc,128.111.57.123,9.567378044128418,0,1,"0_algo=ppo,env_name=Walker2DBulletEnv-v0,post=None",200,10,,Walker2DBulletEnv-v0,ppo,/home/sgillen/work/policy_refinement/test_agent/adim_div_all/
25380_00001,1.296571903036809,0.19295989150194814,1.296571903036809,0.19295989150194814,10.881103909677343,3.0990276072009753,10.881103909677343,3.0990276072009753,2052.8876922607424,568.9737353993812,2052.8877462,568.9737558096818,iden,917.5,7.273633241653442,True,,,1,c364d0409d01479e831e19efb83a5533,2021-09-06_13-29-41,1630960181,7.273633241653442,776,kbuc,128.111.57.123,7.273633241653442,0,1,"1_algo=td3,env_name=Walker2DBulletEnv-v0,post=None",200,10,,Walker2DBulletEnv-v0,td3,/home/sgillen/work/policy_refinement/test_agent/adim_div_all/
25380_00002,1.267626955357793,0.2760997755021755,1.267626955357793,0.2760997755021755,10.661318655439924,2.9385906944400872,10.661318655439924,2.9385906944400872,2064.071131324768,681.33672898777,2064.0711534,681.3367372051074,iden,901.5,7.658928394317627,True,,,1,d551cdfcb95742acb3716058ed903333,2021-09-06_13-29-42,1630960182,7.658928394317627,779,kbuc,128.111.57.123,7.658928394317627,0,1,"2_algo=sac,env_name=Walker2DBulletEnv-v0,post=None",200,10,,Walker2DBulletEnv-v0,sac,/home/sgillen/work/policy_refinement/test_agent/adim_div_all/
25380_00003,1.3050093268052376,0.12888901867189567,1.3050093268052376,0.12888901867189567,9.415485105331836,0.8846972962137091,9.415485105331836,0.8846972962137091,2418.166795349121,755.757647401227,2418.1668406,755.7576663702482,iden,907.8,8.03664517402649,True,,,1,d7cab7e1ac174a5b8497cb42f42fe033,2021-09-06_13-29-50,1630960190,8.03664517402649,726,kbuc,128.111.57.123,8.03664517402649,0,1,"3_algo=tqc,env_name=Walker2DBulletEnv-v0,post=None",200,10,,Walker2DBulletEnv-v0,tqc,/home/sgillen/work/policy_refinement/test_agent/adim_div_all/
25380_00004,0.6569253270623101,0.038910607088030146,0.6569253270623101,0.038910607088030146,4.435246395171145,1.1429435581322505,4.435246395171145,1.1429435581322505,38.49328496456146,11.745547176393105,905.9549499000001,276.43617966451257,iden,909.8,9.839357376098633,True,,,1,ee02c32d3d57402c803cc6bb3b96ac61,2021-09-06_13-29-52,1630960192,9.839357376098633,719,kbuc,128.111.57.123,9.839357376098633,0,1,"4_algo=a2c,env_name=Walker2DBulletEnv-v0,post=None",200,10,,Walker2DBulletEnv-v0,a2c,/home/sgillen/work/policy_refinement/test_agent/adim_div_all/
25380_00005,1.0765738238585663,0.23895105800114605,1.0765738238585663,0.23895105800114605,10.004347551894508,0.762018740131363,10.004347551894508,0.762018740131363,1015.0786804199219,790.5226111558491,1015.0786978999998,790.5226217483847,iden,529.5,4.318987131118774,True,,,1,c9a0b0026bd5481f9cd063de0d2c3600,2021-09-06_13-29-49,1630960189,4.318987131118774,731,kbuc,128.111.57.123,4.318987131118774,0,1,"5_algo=ddpg,env_name=Walker2DBulletEnv-v0,post=None",200,10,,Walker2DBulletEnv-v0,ddpg,/home/sgillen/work/policy_refinement/test_agent/adim_div_all/
25380_00006,1.5739438634744058,0.09385057770380642,1.5739438634744058,0.09385057770380642,5.134704691913461,0.367145974735947,5.134704691913461,0.367145974735947,26.92579593658447,0.35950218379610144,2908.1696115999994,38.82868314038704,iden,1000.0,9.857500076293945,True,,,1,475bf0e1087a418589f6167e54848612,2021-09-06_13-30-00,1630960200,9.857500076293945,720,kbuc,128.111.57.123,9.857500076293945,0,1,"6_algo=ppo,env_name=HalfCheetahBulletEnv-v0,post=None",200,10,,HalfCheetahBulletEnv-v0,ppo,/home/sgillen/work/policy_refinement/test_agent/adim_div_all/
25380_00007,1.3740645804998457,0.08280263574944521,1.3740645804998457,0.08280263574944521,8.956402118770518,0.5157055738013933,8.956402118770518,0.5157055738013933,2826.1247314453126,14.489160771110209,2826.1247549,14.489176611889063,iden,1000.0,8.70507025718689,True,,,1,8f7609e2e21d46d79758ba8a2fbb7fad,2021-09-06_13-30-00,1630960200,8.70507025718689,712,kbuc,128.111.57.123,8.70507025718689,0,1,"7_algo=td3,env_name=HalfCheetahBulletEnv-v0,post=None",200,10,,HalfCheetahBulletEnv-v0,td3,/home/sgillen/work/policy_refinement/test_agent/adim_div_all/
25380_00008,1.1592614797965808,0.0973098303478772,1.1592614797965808,0.0973098303478772,8.502493579826057,0.4869574818014534,8.502493579826057,0.4869574818014534,2793.4187744140627,8.802360133681214,2793.41887,8.802346693897018,iden,1000.0,9.430286169052124,True,,,1,b5c1c2738e684423ab19e0daf3098de5,2021-09-06_13-30-03,1630960203,9.430286169052124,729,kbuc,128.111.57.123,9.430286169052124,0,1,"8_algo=sac,env_name=HalfCheetahBulletEnv-v0,post=None",200,10,,HalfCheetahBulletEnv-v0,sac,/home/sgillen/work/policy_refinement/test_agent/adim_div_all/
25380_00009,1.4545015228100926,0.06529099050641686,1.4545015228100926,0.06529099050641686,5.840620706244057,0.346749462054738,5.840620706244057,0.346749462054738,3683.6040771484377,17.60268752241662,3683.6040834,17.602737922847414,iden,1000.0,9.252669334411621,True,,,1,dada8a8c285649ef8d4888941f42eada,2021-09-06_13-30-10,1630960210,9.252669334411621,722,kbuc,128.111.57.123,9.252669334411621,0,1,"9_algo=tqc,env_name=HalfCheetahBulletEnv-v0,post=None",200,10,,HalfCheetahBulletEnv-v0,tqc,/home/sgillen/work/policy_refinement/test_agent/adim_div_all/
25380_00010,1.6437800109035112,0.10095932734348428,1.6437800109035112,0.10095932734348428,4.731258965858867,0.4409949285626581,4.731258965858867,0.4409949285626581,32.7962287902832,0.5985926413704534,2097.7295873,38.28751214686454,iden,1000.0,10.008636713027954,True,,,1,443decee7cdf448aae606a45be317c01,2021-09-06_13-30-11,1630960211,10.008636713027954,727,kbuc,128.111.57.123,10.008636713027954,0,1,"10_algo=a2c,env_name=HalfCheetahBulletEnv-v0,post=None",200,10,,HalfCheetahBulletEnv-v0,a2c,/home/sgillen/work/policy_refinement/test_agent/adim_div_all/
25380_00011,1.2845762181957479,0.13068052577203626,1.2845762181957479,0.13068052577203626,7.332742069374886,0.7285940330720019,7.332742069374886,0.7285940330720019,2088.963000488281,95.06981363538583,2088.9629616,95.06982579226938,iden,1000.0,8.383681058883667,True,,,1,b30ecd405b894b57950101a3f50b76e1,2021-09-06_13-30-12,1630960212,8.383681058883667,723,kbuc,128.111.57.123,8.383681058883667,0,1,"11_algo=ddpg,env_name=HalfCheetahBulletEnv-v0,post=None",200,10,,HalfCheetahBulletEnv-v0,ddpg,/home/sgillen/work/policy_refinement/test_agent/adim_div_all/
25380_00012,1.433969780302288,0.0850894295849859,1.433969780302288,0.0850894295849859,4.877648045036368,0.8408187446006602,4.877648045036368,0.8408187446006602,29.16880359649658,3.0298378713828558,2537.0988822,263.53489783061235,iden,966.4,7.6280317306518555,True,,,1,83112d0f7f9d4fb896b48d6cf66b58c6,2021-09-06_13-30-19,1630960219,7.6280317306518555,724,kbuc,128.111.57.123,7.6280317306518555,0,1,"12_algo=ppo,env_name=HopperBulletEnv-v0,post=None",200,10,,HopperBulletEnv-v0,ppo,/home/sgillen/work/policy_refinement/test_agent/adim_div_all/
25380_00013,1.2401174949784868,0.08636658276876714,1.2401174949784868,0.08636658276876714,6.282697851455177,0.6313780639832296,6.282697851455177,0.6313780639832296,2679.3152099609374,28.47928279770826,2679.3151927,28.479299706025188,iden,998.0,6.098330974578857,True,,,1,5d55830e9b2c40c9ac49ccbb4dbb814b,2021-09-06_13-30-18,1630960218,6.098330974578857,718,kbuc,128.111.57.123,6.098330974578857,0,1,"13_algo=td3,env_name=HopperBulletEnv-v0,post=None",200,10,,HopperBulletEnv-v0,td3,/home/sgillen/work/policy_refinement/test_agent/adim_div_all/
25380_00014,1.2536578107460303,0.0378051986254984,1.2536578107460303,0.0378051986254984,8.98871931460549,0.6380820125204076,8.98871931460549,0.6380820125204076,2632.9099609375,11.854681044929128,2632.9099791999997,11.854733171857289,iden,1000.0,6.960721731185913,True,,,1,d23f30686afd41dd9a1a17e81cffbaaf,2021-09-06_13-30-20,1630960220,6.960721731185913,728,kbuc,128.111.57.123,6.960721731185913,0,1,"14_algo=sac,env_name=HopperBulletEnv-v0,post=None",200,10,,HopperBulletEnv-v0,sac,/home/sgillen/work/policy_refinement/test_agent/adim_div_all/
25380_00015,1.3691739389610866,0.0945236819109597,1.3691739389610866,0.0945236819109597,8.87379611508318,0.4081687152323246,8.87379611508318,0.4081687152323246,2693.1984619140626,12.604204992916486,2693.1984626000003,12.604214044406735,iden,1000.0,6.870794296264648,True,,,1,f4f9a1da505646e5b77c0032c223b0e4,2021-09-06_13-30-26,1630960226,6.870794296264648,725,kbuc,128.111.57.123,6.870794296264648,0,1,"15_algo=tqc,env_name=HopperBulletEnv-v0,post=None",200,10,,HopperBulletEnv-v0,tqc,/home/sgillen/work/policy_refinement/test_agent/adim_div_all/
25380_00016,0.9014392590205054,0.13324021729374938,0.9014392590205054,0.13324021729374938,4.791154687633072,0.8641915042865121,4.791154687633072,0.8641915042865121,13.005136203765868,5.856329521911231,768.6943315,346.1499684282395,iden,534.7,4.143260717391968,True,,,1,85d8ead7dd6741b79822541691695d00,2021-09-06_13-30-24,1630960224,4.143260717391968,730,kbuc,128.111.57.123,4.143260717391968,0,1,"16_algo=a2c,env_name=HopperBulletEnv-v0,post=None",200,10,,HopperBulletEnv-v0,a2c,/home/sgillen/work/policy_refinement/test_agent/adim_div_all/
25380_00017,0.9524415516209406,0.14760746806346584,0.9524415516209406,0.14760746806346584,6.382530500078874,0.7888040575427127,6.382530500078874,0.7888040575427127,949.6337036132812,509.28616059302476,949.6337067999999,509.2861638614075,iden,357.1,2.2621009349823,True,,,1,d4712658dfe74ae08f57c1a3bf0cd217,2021-09-06_13-30-24,1630960224,2.2621009349823,716,kbuc,128.111.57.123,2.2621009349823,0,1,"17_algo=ddpg,env_name=HopperBulletEnv-v0,post=None",200,10,,HopperBulletEnv-v0,ddpg,/home/sgillen/work/policy_refinement/test_agent/adim_div_all/
25380_00018,2.4295703339758807,0.1591440669210611,2.4295703339758807,0.1591440669210611,5.393571550510674,1.05346032265791,5.393571550510674,1.05346032265791,33.93177337646485,0.6501174092165986,2883.6731441,55.24983023361105,iden,1000.0,10.750262022018433,True,,,1,4916766216494ac3b4a99cc7e4168e52,2021-09-06_13-30-35,1630960235,10.750262022018433,721,kbuc,128.111.57.123,10.750262022018433,0,1,"18_algo=ppo,env_name=AntBulletEnv-v0,post=None",200,10,,AntBulletEnv-v0,ppo,/home/sgillen/work/policy_refinement/test_agent/adim_div_all/
25380_00019,1.7100290949727728,0.10179831693972625,1.7100290949727728,0.10179831693972625,9.815890286037662,0.38947070368422554,9.815890286037662,0.38947070368422554,3313.426123046875,41.51843537012295,3313.4260999,41.51840932908725,iden,1000.0,9.257941961288452,True,,,1,1648c5d6b1d8454482610327291d879a,2021-09-06_13-30-34,1630960234,9.257941961288452,717,kbuc,128.111.57.123,9.257941961288452,0,1,"19_algo=td3,env_name=AntBulletEnv-v0,post=None",200,10,,AntBulletEnv-v0,td3,/home/sgillen/work/policy_refinement/test_agent/adim_div_all/
25380_00020,1.6168453040278798,0.09430489660800173,1.6168453040278798,0.09430489660800173,12.71517515219555,0.4070397851945531,12.71517515219555,0.4070397851945531,3096.7435546875,20.892749182842543,3096.7435778999998,20.892738343037717,iden,1000.0,9.966394186019897,True,,,1,7186f71e9b944f9eaefdfc2a8041084b,2021-09-06_13-30-37,1630960237,9.966394186019897,715,kbuc,128.111.57.123,9.966394186019897,0,1,"20_algo=sac,env_name=AntBulletEnv-v0,post=None",200,10,,AntBulletEnv-v0,sac,/home/sgillen/work/policy_refinement/test_agent/adim_div_all/
25380_00021,1.5598861306393244,0.12344196985285641,1.5598861306393244,0.12344196985285641,8.937156592725014,0.5470148228343542,8.937156592725014,0.5470148228343542,3418.044580078125,171.08595988082863,3418.0445910000003,171.08601338535408,iden,1000.0,9.95983624458313,True,,,1,2eae4a4f9b524e7aaa0b2e11ef3d6f27,2021-09-06_13-30-45,1630960245,9.95983624458313,714,kbuc,128.111.57.123,9.95983624458313,0,1,"21_algo=tqc,env_name=AntBulletEnv-v0,post=None",200,10,,AntBulletEnv-v0,tqc,/home/sgillen/work/policy_refinement/test_agent/adim_div_all/
25380_00022,1.2700929349707961,0.05474208765677297,1.2700929349707961,0.05474208765677297,4.0276167011014845,0.306837772439344,4.0276167011014845,0.306837772439344,35.22237129211426,0.11297248443640379,2514.5280264,8.065088707513457,iden,1000.0,11.029245376586914,True,,,1,5994d96b9b8a484785d50c6714fb66fd,2021-09-06_13-30-47,1630960247,11.029245376586914,713,kbuc,128.111.57.123,11.029245376586914,0,1,"22_algo=a2c,env_name=AntBulletEnv-v0,post=None",200,10,,AntBulletEnv-v0,a2c,/home/sgillen/work/policy_refinement/test_agent/adim_div_all/
25380_00023,2.035582952035141,0.16532811546026116,2.035582952035141,0.16532811546026116,12.235806516224391,0.5436607522902259,12.235806516224391,0.5436607522902259,2394.689013671875,62.809540898078204,2394.6889638999996,62.80958480452576,iden,1000.0,9.140204668045044,True,,,1,49c63b3119034872b4df06c4588c8953,2021-09-06_13-30-47,1630960247,9.140204668045044,711,kbuc,128.111.57.123,9.140204668045044,0,1,"23_algo=ddpg,env_name=AntBulletEnv-v0,post=None",200,10,,AntBulletEnv-v0,ddpg,/home/sgillen/work/policy_refinement/test_agent/adim_div_all/
25380_00024,0.7513893580687185,0.061975904521674056,0.7513893580687185,0.061975904521674056,4.512856286596992,1.8155932337039042,4.512856286596992,1.8155932337039042,2.2235992193222045,1.077246986635228,17.4344898,8.446329302787392,iden,150.0,0.7990279197692871,True,,,1,706cb1716db74f59a8b6223c4dbc05cc,2021-09-06_13-30-47,1630960247,0.7990279197692871,1493,kbuc,128.111.57.123,0.7990279197692871,0,1,"24_algo=ppo,env_name=ReacherBulletEnv-v0,post=None",200,10,,ReacherBulletEnv-v0,ppo,/home/sgillen/work/policy_refinement/test_agent/adim_div_all/
25380_00025,0.634532127786438,0.09040534715036747,0.634532127786438,0.09040534715036747,4.283022144643458,2.327324005142645,4.283022144643458,2.327324005142645,12.441166591644286,5.627355228222092,12.441166800000001,5.627355614935168,iden,150.0,0.608182430267334,True,,,1,117456f8082b472b93e4957d9e4ce206,2021-09-06_13-30-49,1630960249,0.608182430267334,1492,kbuc,128.111.57.123,0.608182430267334,0,1,"25_algo=td3,env_name=ReacherBulletEnv-v0,post=None",200,10,,ReacherBulletEnv-v0,td3,/home/sgillen/work/policy_refinement/test_agent/adim_div_all/
25380_00026,0.668972807311155,0.07851790460870806,0.668972807311155,0.07851790460870806,5.175843701714053,2.777553269614478,5.175843701714053,2.777553269614478,14.296784448623658,11.198745525642352,14.2967847,11.198745685831723,iden,150.0,0.7398433685302734,True,,,1,421ce049e5c84331b050d905bd1642dd,2021-09-06_13-30-49,1630960249,0.7398433685302734,1558,kbuc,128.111.57.123,0.7398433685302734,0,1,"26_algo=sac,env_name=ReacherBulletEnv-v0,post=None",200,10,,ReacherBulletEnv-v0,sac,/home/sgillen/work/policy_refinement/test_agent/adim_div_all/
25380_00027,0.6784656991619524,0.05659233940783374,0.6784656991619524,0.05659233940783374,4.371625957742408,2.159064201987,4.371625957742408,2.159064201987,15.299589067697525,8.984379496648044,15.299589600000001,8.98437954408634,iden,150.0,0.7435874938964844,True,,,1,261969817ceb4360ba2233ae98fa9da5,2021-09-06_13-30-49,1630960249,0.7435874938964844,1557,kbuc,128.111.57.123,0.7435874938964844,0,1,"27_algo=tqc,env_name=ReacherBulletEnv-v0,post=None",200,10,,ReacherBulletEnv-v0,tqc,/home/sgillen/work/policy_refinement/test_agent/adim_div_all/
25380_00028,0.6624629342053773,0.055923012616632746,0.6624629342053773,0.055923012616632746,5.431408102363292,1.582137153148247,5.431408102363292,1.582137153148247,1.879647645354271,1.0831702064841437,14.7577664,8.504345306301834,iden,150.0,0.8060014247894287,True,,,1,0c973d2edfc44a06a7a4ae381292ecc9,2021-09-06_13-30-51,1630960251,0.8060014247894287,1713,kbuc,128.111.57.123,0.8060014247894287,0,1,"28_algo=a2c,env_name=ReacherBulletEnv-v0,post=None",200,10,,ReacherBulletEnv-v0,a2c,/home/sgillen/work/policy_refinement/test_agent/adim_div_all/
25380_00029,0.6141943658989917,0.06631951353072857,0.6141943658989917,0.06631951353072857,4.571497726111451,2.18039434429521,4.571497726111451,2.18039434429521,16.51461672782898,10.717868854103225,16.5146164,10.71786892242629,iden,150.0,0.621692419052124,True,,,1,cfc8dfcde5244836b86e9f8e619a9268,2021-09-06_13-30-51,1630960251,0.621692419052124,1566,kbuc,128.111.57.123,0.621692419052124,0,1,"29_algo=ddpg,env_name=ReacherBulletEnv-v0,post=None",200,10,,ReacherBulletEnv-v0,ddpg,/home/sgillen/work/policy_refinement/test_agent/adim_div_all/
25380_00030,1.7006387754458931,0.10079229778532134,1.7006387754458931,0.10079229778532134,11.088153676931217,0.6310191478975195,11.088153676931217,0.6310191478975195,32.097091102600096,0.18947845346061343,2030.4312082999998,11.986227761398807,DualRewardProd_adim_safe_stable_nolen,1000.0,5476.00491309166,True,,,1,c9b2761699cb4173acea6734d02879e7,2021-09-06_15-02-06,1630965726,5476.00491309166,1567,kbuc,128.111.57.123,5476.00491309166,0,1,"30_algo=ppo,env_name=Walker2DBulletEnv-v0,post=<seagul.mesh.DualRewardProd object at 0x7fe7adbba588>",200,10,<seagul.mesh.DualRewardProd object at 0x7fe6e7edb1d0>,Walker2DBulletEnv-v0,ppo,/home/sgillen/work/policy_refinement/test_agent/adim_div_all/
25380_00031,1.5868402260787486,0.1165601558830498,1.5868402260787486,0.1165601558830498,12.555188094846148,0.5745437342809141,12.555188094846148,0.5745437342809141,2419.3351318359373,11.53037316730954,2419.3351709999997,11.530414778637125,DualRewardProd_adim_safe_stable_nolen,999.2,4641.307075500488,True,,,1,dda7eca04cd14944b1e839fc945d1132,2021-09-06_14-48-13,1630964893,4641.307075500488,1564,kbuc,128.111.57.123,4641.307075500488,0,1,"31_algo=td3,env_name=Walker2DBulletEnv-v0,post=<seagul.mesh.DualRewardProd object at 0x7fe7adbba400>",200,10,<seagul.mesh.DualRewardProd object at 0x7fe6e7edb278>,Walker2DBulletEnv-v0,td3,/home/sgillen/work/policy_refinement/test_agent/adim_div_all/
25380_00032,1.7077713582523433,0.08848143335694846,1.7077713582523433,0.08848143335694846,12.864270391113184,0.528278103216923,12.864270391113184,0.528278103216923,2464.915234375,16.435283797154916,2464.9151921000002,16.43525711223083,DualRewardProd_adim_safe_stable_nolen,1000.0,5038.205417394638,True,,,1,3bb287b33f684764910d2c26209eb792,2021-09-06_14-54-51,1630965291,5038.205417394638,1808,kbuc,128.111.57.123,5038.205417394638,0,1,"32_algo=sac,env_name=Walker2DBulletEnv-v0,post=<seagul.mesh.DualRewardProd object at 0x7fe7adbba390>",200,10,<seagul.mesh.DualRewardProd object at 0x7fe6e7edb2e8>,Walker2DBulletEnv-v0,sac,/home/sgillen/work/policy_refinement/test_agent/adim_div_all/
25380_00033,1.6983247131595227,0.06556963658795048,1.6983247131595227,0.06556963658795048,12.291160853466332,0.3422785378696544,12.291160853466332,0.3422785378696544,2801.806005859375,8.44919951543854,2801.8059755,8.44919224169931,DualRewardProd_adim_safe_stable_nolen,1000.0,5075.038505077362,True,,,1,6e580fc3e71c49df86dba49b38b2aaf2,2021-09-06_16-12-49,1630969969,5075.038505077362,1810,kbuc,128.111.57.123,5075.038505077362,0,1,"33_algo=tqc,env_name=Walker2DBulletEnv-v0,post=<seagul.mesh.DualRewardProd object at 0x7fe7adbba208>",200,10,<seagul.mesh.DualRewardProd object at 0x7fe6e7edb358>,Walker2DBulletEnv-v0,tqc,/home/sgillen/work/policy_refinement/test_agent/adim_div_all/
25380_00034,0.6073448441217655,0.03096986715129037,0.6073448441217655,0.03096986715129037,6.410359279486334,1.2578099499249624,6.410359279486334,1.2578099499249624,42.28928489685059,0.05188124046372457,995.2953326999999,1.2210479141531747,DualRewardProd_adim_safe_stable_nolen,1000.0,5654.884495019913,True,,,1,51e181e09bb74b14b2e8b4811f065543,2021-09-06_16-29-08,1630970948,5654.884495019913,4658,kbuc,128.111.57.123,5654.884495019913,0,1,"34_algo=a2c,env_name=Walker2DBulletEnv-v0,post=<seagul.mesh.DualRewardProd object at 0x7fe7adbba198>",200,10,<seagul.mesh.DualRewardProd object at 0x7fe6e7edb3c8>,Walker2DBulletEnv-v0,a2c,/home/sgillen/work/policy_refinement/test_agent/adim_div_all/
25380_00035,1.45136932590965,0.12028164449673703,1.45136932590965,0.12028164449673703,11.658766724937694,0.783153730742771,11.658766724937694,0.783153730742771,2066.5658447265623,19.588057907733642,2066.5658727,19.588081718994342,DualRewardProd_adim_safe_stable_nolen,1000.0,4628.7390785217285,True,,,1,b055a647d24c49608d1c92d5c7b137cf,2021-09-06_16-19-17,1630970357,4628.7390785217285,4841,kbuc,128.111.57.123,4628.7390785217285,0,1,"35_algo=ddpg,env_name=Walker2DBulletEnv-v0,post=<seagul.mesh.DualRewardProd object at 0x7fe7adbba048>",200,10,<seagul.mesh.DualRewardProd object at 0x7fe6e7edb438>,Walker2DBulletEnv-v0,ddpg,/home/sgillen/work/policy_refinement/test_agent/adim_div_all/
25380_00036,1.7901432505015595,0.10191509808599117,1.7901432505015595,0.10191509808599117,9.320996012898215,0.5766555340116051,9.320996012898215,0.5766555340116051,25.48707866668701,0.19525819254995164,2752.7782985999997,21.089262437848976,DualRewardProd_adim_safe_stable_nolen,1000.0,5834.504985809326,True,,,1,389f6fdf210f48c4a3760b477a033ae6,2021-09-06_17-50-06,1630975806,5834.504985809326,5499,kbuc,128.111.57.123,5834.504985809326,0,1,"36_algo=ppo,env_name=HalfCheetahBulletEnv-v0,post=<seagul.mesh.DualRewardProd object at 0x7fe7adc4d358>",200,10,<seagul.mesh.DualRewardProd object at 0x7fe6e7edb4a8>,HalfCheetahBulletEnv-v0,ppo,/home/sgillen/work/policy_refinement/test_agent/adim_div_all/
25380_00037,1.637844074631983,0.06516818557885619,1.637844074631983,0.06516818557885619,14.002916135181527,0.6852363835404222,14.002916135181527,0.6852363835404222,2796.127880859375,14.04425051543793,2796.1278322,14.044257474497597,DualRewardProd_adim_safe_stable_nolen,1000.0,4949.565082073212,True,,,1,c03508ed602646c59a4afa1a2ed0e643,2021-09-06_17-41-49,1630975309,4949.565082073212,5580,kbuc,128.111.57.123,4949.565082073212,0,1,"37_algo=td3,env_name=HalfCheetahBulletEnv-v0,post=<seagul.mesh.DualRewardProd object at 0x7fe7adbc6080>",200,10,<seagul.mesh.DualRewardProd object at 0x7fe6e7edb518>,HalfCheetahBulletEnv-v0,td3,/home/sgillen/work/policy_refinement/test_agent/adim_div_all/
25380_00038,1.3642765055901638,0.10500454684904069,1.3642765055901638,0.10500454684904069,13.804343618807113,0.532693622872302,13.804343618807113,0.532693622872302,2741.5564453125,16.204740918915316,2741.5564727000005,16.20467815974906,DualRewardProd_adim_safe_stable_nolen,1000.0,5427.351508617401,True,,,1,d3c5cc2ce5d64ff8b91eb4b91516bd34,2021-09-06_17-59-37,1630976377,5427.351508617401,5684,kbuc,128.111.57.123,5427.351508617401,0,1,"38_algo=sac,env_name=HalfCheetahBulletEnv-v0,post=<seagul.mesh.DualRewardProd object at 0x7fe7adbc6160>",200,10,<seagul.mesh.DualRewardProd object at 0x7fe6e7edb588>,HalfCheetahBulletEnv-v0,sac,/home/sgillen/work/policy_refinement/test_agent/adim_div_all/
25380_00039,1.7238581845837815,0.09117584865140853,1.7238581845837815,0.09117584865140853,13.21900297768909,0.3191351244931663,13.21900297768909,0.3191351244931663,3418.2406005859375,12.821595580119633,3418.2406023000003,12.821629931270582,DualRewardProd_adim_safe_stable_nolen,1000.0,5261.288080215454,True,,,1,96c0a5b27ce7472aa7308f727018fa92,2021-09-06_19-09-33,1630980573,5261.288080215454,6380,kbuc,128.111.57.123,5261.288080215454,0,1,"39_algo=tqc,env_name=HalfCheetahBulletEnv-v0,post=<seagul.mesh.DualRewardProd object at 0x7fe7adbc6208>",200,10,<seagul.mesh.DualRewardProd object at 0x7fe6e7edb5f8>,HalfCheetahBulletEnv-v0,tqc,/home/sgillen/work/policy_refinement/test_agent/adim_div_all/
25380_00040,1.6903960372712585,0.090924018462811,1.6903960372712585,0.090924018462811,7.089417928245811,0.9876126351897007,7.089417928245811,0.9876126351897007,33.08405303955078,0.4525053456663299,2116.1395408999997,28.943436676345367,DualRewardProd_adim_safe_stable_nolen,1000.0,5687.463627576828,True,,,1,1f7d280280274e2298c14885575c19fa,2021-09-06_19-24-56,1630981496,5687.463627576828,6522,kbuc,128.111.57.123,5687.463627576828,0,1,"40_algo=a2c,env_name=HalfCheetahBulletEnv-v0,post=<seagul.mesh.DualRewardProd object at 0x7fe7adbc62b0>",200,10,<seagul.mesh.DualRewardProd object at 0x7fe6e7edb668>,HalfCheetahBulletEnv-v0,a2c,/home/sgillen/work/policy_refinement/test_agent/adim_div_all/
25380_00041,1.7156201170953345,0.09599713204305801,1.7156201170953345,0.09599713204305801,10.447164345211705,0.47234131789585165,10.447164345211705,0.47234131789585165,2718.5539794921874,36.615079549680935,2718.5539981,36.615104066346355,DualRewardProd_adim_safe_stable_nolen,1000.0,4787.978652477264,True,,,1,b1a15773ca9b4f449a7bb4e0388af859,2021-09-06_19-19-27,1630981167,4787.978652477264,6663,kbuc,128.111.57.123,4787.978652477264,0,1,"41_algo=ddpg,env_name=HalfCheetahBulletEnv-v0,post=<seagul.mesh.DualRewardProd object at 0x7fe7adbc6358>",200,10,<seagul.mesh.DualRewardProd object at 0x7fe6e7edb6d8>,HalfCheetahBulletEnv-v0,ddpg,/home/sgillen/work/policy_refinement/test_agent/adim_div_all/
25380_00042,1.5070625608696109,0.04273035670023599,1.5070625608696109,0.04273035670023599,9.131060175902775,0.4217412327011788,9.131060175902775,0.4217412327011788,29.810994148254395,0.14439503935325104,2592.9565085000004,12.559477922967364,DualRewardProd_adim_safe_stable_nolen,1000.0,4432.468285083771,True,,,1,792ce36a3a3e4df28eac531d09afb097,2021-09-06_20-23-27,1630985007,4432.468285083771,7733,kbuc,128.111.57.123,4432.468285083771,0,1,"42_algo=ppo,env_name=HopperBulletEnv-v0,post=<seagul.mesh.DualRewardProd object at 0x7fe7adbc6400>",200,10,<seagul.mesh.DualRewardProd object at 0x7fe6e7edb748>,HopperBulletEnv-v0,ppo,/home/sgillen/work/policy_refinement/test_agent/adim_div_all/
25380_00043,1.40501445096934,0.06937553358818965,1.40501445096934,0.06937553358818965,9.191925914466283,0.7876258990019728,9.191925914466283,0.7876258990019728,2820.9380126953124,7.455827933410201,2820.9380376,7.455792234497981,DualRewardProd_adim_safe_stable_nolen,1000.0,3392.3292434215546,True,,,1,b3eeaf9702e34b65917c686d52098adc,2021-09-06_20-16-01,1630984561,3392.3292434215546,7737,kbuc,128.111.57.123,3392.3292434215546,0,1,"43_algo=td3,env_name=HopperBulletEnv-v0,post=<seagul.mesh.DualRewardProd object at 0x7fe7adbc64a8>",200,10,<seagul.mesh.DualRewardProd object at 0x7fe6e7edb7b8>,HopperBulletEnv-v0,td3,/home/sgillen/work/policy_refinement/test_agent/adim_div_all/
25380_00044,1.4387635922510722,0.04973850741631551,1.4387635922510722,0.04973850741631551,9.693501860858351,0.6813317829242393,9.693501860858351,0.6813317829242393,2767.6022705078126,11.73196772149007,2767.6022714,11.731940563196389,DualRewardProd_adim_safe_stable_nolen,1000.0,3907.654821872711,True,,,1,0c62354fbc33402fa8c2deb4e3e9e350,2021-09-06_20-30-06,1630985406,3907.654821872711,8220,kbuc,128.111.57.123,3907.654821872711,0,1,"44_algo=sac,env_name=HopperBulletEnv-v0,post=<seagul.mesh.DualRewardProd object at 0x7fe7adbc6550>",200,10,<seagul.mesh.DualRewardProd object at 0x7fe6e7edb828>,HopperBulletEnv-v0,sac,/home/sgillen/work/policy_refinement/test_agent/adim_div_all/
25380_00045,1.4758572307259727,0.08723331402177108,1.4758572307259727,0.08723331402177108,8.900104079676543,0.7247034118721978,8.900104079676543,0.7247034118721978,2827.1574462890626,17.084512931294146,2827.1574732000004,17.084502090016887,DualRewardProd_adim_safe_stable_nolen,1000.0,3902.7992498874664,True,,,1,3efcfd6d8c2a4e58aa4e20cabd49d0bd,2021-09-06_21-21-06,1630988466,3902.7992498874664,8824,kbuc,128.111.57.123,3902.7992498874664,0,1,"45_algo=tqc,env_name=HopperBulletEnv-v0,post=<seagul.mesh.DualRewardProd object at 0x7fe7adbc65f8>",200,10,<seagul.mesh.DualRewardProd object at 0x7fe6e7edb898>,HopperBulletEnv-v0,tqc,/home/sgillen/work/policy_refinement/test_agent/adim_div_all/
25380_00046,1.4458216803089896,0.058231224465519885,1.4458216803089896,0.058231224465519885,7.884650767217129,0.7938858922616655,7.884650767217129,0.7938858922616655,37.35487861633301,0.1675427286614885,2207.9340625,9.902966803804604,DualRewardProd_adim_safe_stable_nolen,1000.0,4136.562509298325,True,,,1,0c2ffd689ca041ba8635049f1b2c0089,2021-09-06_21-32-26,1630989146,4136.562509298325,8918,kbuc,128.111.57.123,4136.562509298325,0,1,"46_algo=a2c,env_name=HopperBulletEnv-v0,post=<seagul.mesh.DualRewardProd object at 0x7fe7adbc66a0>",200,10,<seagul.mesh.DualRewardProd object at 0x7fe6e7edb908>,HopperBulletEnv-v0,a2c,/home/sgillen/work/policy_refinement/test_agent/adim_div_all/
25380_00047,1.4263451028165264,0.09253356240518386,1.4263451028165264,0.09253356240518386,9.072556607985714,0.6510274277582742,9.072556607985714,0.6510274277582742,2862.27900390625,6.7683670670034175,2862.2790262,6.76835209734945,DualRewardProd_adim_safe_stable_nolen,1000.0,3261.8708066940308,True,,,1,43119cd3142147c2ae01e3d1135a3fec,2021-09-06_21-24-30,1630988670,3261.8708066940308,9004,kbuc,128.111.57.123,3261.8708066940308,0,1,"47_algo=ddpg,env_name=HopperBulletEnv-v0,post=<seagul.mesh.DualRewardProd object at 0x7fe7adbc6748>",200,10,<seagul.mesh.DualRewardProd object at 0x7fe6e7edb978>,HopperBulletEnv-v0,ddpg,/home/sgillen/work/policy_refinement/test_agent/adim_div_all/
25380_00048,2.33819436562741,0.16875148944279902,2.33819436562741,0.16875148944279902,8.410415986017712,1.7348490854645817,8.410415986017712,1.7348490854645817,33.69004096984863,0.5789469102319538,2863.1296999,49.201537944245445,DualRewardProd_adim_safe_stable_nolen,1000.0,6428.993511199951,True,,,1,982ce4be4f0d46ccb177008dd78761ca,2021-09-06_23-08-17,1630994897,6428.993511199951,9504,kbuc,128.111.57.123,6428.993511199951,0,1,"48_algo=ppo,env_name=AntBulletEnv-v0,post=<seagul.mesh.DualRewardProd object at 0x7fe7adbc67f0>",200,10,<seagul.mesh.DualRewardProd object at 0x7fe6e7edb9e8>,AntBulletEnv-v0,ppo,/home/sgillen/work/policy_refinement/test_agent/adim_div_all/
25380_00049,1.7646348570002908,0.13096804219517846,1.7646348570002908,0.13096804219517846,14.701667738861238,0.6083912533406783,14.701667738861238,0.6083912533406783,3217.108251953125,20.470921852319787,3217.1082045,20.470940727457606,DualRewardProd_adim_safe_stable_nolen,1000.0,5440.202925682068,True,,,1,7adcde9f75c44778abd953916816c6fc,2021-09-06_22-55-12,1630994112,5440.202925682068,9626,kbuc,128.111.57.123,5440.202925682068,0,1,"49_algo=td3,env_name=AntBulletEnv-v0,post=<seagul.mesh.DualRewardProd object at 0x7fe7adbc6898>",200,10,<seagul.mesh.DualRewardProd object at 0x7fe6e7edba58>,AntBulletEnv-v0,td3,/home/sgillen/work/policy_refinement/test_agent/adim_div_all/
25380_00050,1.8775290054531726,0.05648209742896021,1.8775290054531726,0.05648209742896021,15.141068589338962,0.746217054771449,15.141068589338962,0.746217054771449,3117.6316162109374,37.84692192588929,3117.6316586999997,37.846962982095285,DualRewardProd_adim_safe_stable_nolen,1000.0,5927.966513633728,True,,,1,89b47fbae1484ffa96f7e19cdd475b22,2021-09-06_23-11-16,1630995076,5927.966513633728,9889,kbuc,128.111.57.123,5927.966513633728,0,1,"50_algo=sac,env_name=AntBulletEnv-v0,post=<seagul.mesh.DualRewardProd object at 0x7fe7adbc6940>",200,10,<seagul.mesh.DualRewardProd object at 0x7fe6e7edbac8>,AntBulletEnv-v0,sac,/home/sgillen/work/policy_refinement/test_agent/adim_div_all/
25380_00051,1.7727492660899298,0.062121772281476084,1.7727492660899298,0.062121772281476084,14.757918098334986,0.6417517077411211,14.757918098334986,0.6417517077411211,3261.4267822265624,27.69778255352827,3261.4268331,27.697811791694484,DualRewardProd_adim_safe_stable_nolen,1000.0,5908.515074253082,True,,,1,936c90301b934117b3a94e32b19727ad,2021-09-07_00-33-42,1631000022,5908.515074253082,11821,kbuc,128.111.57.123,5908.515074253082,0,1,"51_algo=tqc,env_name=AntBulletEnv-v0,post=<seagul.mesh.DualRewardProd object at 0x7fe7adbc69e8>",200,10,<seagul.mesh.DualRewardProd object at 0x7fe6e7edbb38>,AntBulletEnv-v0,tqc,/home/sgillen/work/policy_refinement/test_agent/adim_div_all/
25380_00052,1.7813051200799095,0.11565051602783012,1.7813051200799095,0.11565051602783012,8.308108392207545,0.7369837750601715,8.308108392207545,0.7369837750601715,32.849219703674315,0.5532384214052843,2345.1085013,39.49573799754389,DualRewardProd_adim_safe_stable_nolen,1000.0,6145.404457807541,True,,,1,baca15d845da4d12bea3b36689f2b65b,2021-09-07_00-50-44,1631001044,6145.404457807541,11948,kbuc,128.111.57.123,6145.404457807541,0,1,"52_algo=a2c,env_name=AntBulletEnv-v0,post=<seagul.mesh.DualRewardProd object at 0x7fe7adbc6a90>",200,10,<seagul.mesh.DualRewardProd object at 0x7fe6e7edbba8>,AntBulletEnv-v0,a2c,/home/sgillen/work/policy_refinement/test_agent/adim_div_all/
25380_00053,1.9952038994957384,0.18490230069997982,1.9952038994957384,0.18490230069997982,12.877242267649653,0.49445283519805655,12.877242267649653,0.49445283519805655,2462.6684326171876,31.694479966685737,2462.6683795999998,31.694411254691314,DualRewardProd_adim_safe_stable_nolen,1000.0,5351.8467745780945,True,,,1,b67ef60ca3784287b0912f440763d9b2,2021-09-07_00-40-30,1631000430,5351.8467745780945,12003,kbuc,128.111.57.123,5351.8467745780945,0,1,"53_algo=ddpg,env_name=AntBulletEnv-v0,post=<seagul.mesh.DualRewardProd object at 0x7fe7adbc6b38>",200,10,<seagul.mesh.DualRewardProd object at 0x7fe6e7edbc18>,AntBulletEnv-v0,ddpg,/home/sgillen/work/policy_refinement/test_agent/adim_div_all/
25380_00054,0.7497992316205335,0.054345775147713216,0.7497992316205335,0.054345775147713216,4.927938225427531,1.3612584273772317,4.927938225427531,1.3612584273772317,2.444107177853584,1.220888782278092,19.163418099999998,9.572576612422493,DualRewardProd_adim_safe_stable_nolen,150.0,475.02130818367004,True,,,1,c3c0e08bde504af0bdca7c8e5ef1d37f,2021-09-07_00-41-39,1631000499,475.02130818367004,13281,kbuc,128.111.57.123,475.02130818367004,0,1,"54_algo=ppo,env_name=ReacherBulletEnv-v0,post=<seagul.mesh.DualRewardProd object at 0x7fe7adbc6be0>",200,10,<seagul.mesh.DualRewardProd object at 0x7fe6e7edbc88>,ReacherBulletEnv-v0,ppo,/home/sgillen/work/policy_refinement/test_agent/adim_div_all/
25380_00055,0.603084444485342,0.08437066738072271,0.603084444485342,0.08437066738072271,4.3446510543698,1.658087663365649,4.3446510543698,1.658087663365649,12.01347587108612,5.843915218238383,12.0134753,5.843914746708854,DualRewardProd_adim_safe_stable_nolen,150.0,344.28836154937744,True,,,1,cc2d36a306c14679b7b96089d84f3134,2021-09-07_00-46-16,1631000776,344.28836154937744,13361,kbuc,128.111.57.123,344.28836154937744,0,1,"55_algo=td3,env_name=ReacherBulletEnv-v0,post=<seagul.mesh.DualRewardProd object at 0x7fe7adbc6c88>",200,10,<seagul.mesh.DualRewardProd object at 0x7fe6e7edbcf8>,ReacherBulletEnv-v0,td3,/home/sgillen/work/policy_refinement/test_agent/adim_div_all/
25380_00056,0.6525334629980585,0.07631945500796011,0.6525334629980585,0.07631945500796011,4.535457309034452,2.8873797823043588,4.535457309034452,2.8873797823043588,14.245176649093628,10.503033763660959,14.245176600000002,10.503034192050146,DualRewardProd_adim_safe_stable_nolen,150.0,401.31427812576294,True,,,1,d6a6072e31144e7195046d469d3f4e88,2021-09-07_00-48-23,1631000903,401.31427812576294,13417,kbuc,128.111.57.123,401.31427812576294,0,1,"56_algo=sac,env_name=ReacherBulletEnv-v0,post=<seagul.mesh.DualRewardProd object at 0x7fe7adbc6d30>",200,10,<seagul.mesh.DualRewardProd object at 0x7fe6e7edbd68>,ReacherBulletEnv-v0,sac,/home/sgillen/work/policy_refinement/test_agent/adim_div_all/
25380_00057,0.6842195880775034,0.08406195811883624,0.6842195880775034,0.08406195811883624,4.735108020265408,2.093625043115067,4.735108020265408,2.093625043115067,14.663077473640442,9.116992228490323,14.663077600000003,9.116992448237523,DualRewardProd_adim_safe_stable_nolen,150.0,400.907484292984,True,,,1,4c2f5aa0f6924a3f96c89e3999c9dc84,2021-09-07_00-52-59,1631001179,400.907484292984,13491,kbuc,128.111.57.123,400.907484292984,0,1,"57_algo=tqc,env_name=ReacherBulletEnv-v0,post=<seagul.mesh.DualRewardProd object at 0x7fe7adbc6dd8>",200,10,<seagul.mesh.DualRewardProd object at 0x7fe6e7edbdd8>,ReacherBulletEnv-v0,tqc,/home/sgillen/work/policy_refinement/test_agent/adim_div_all/
25380_00058,0.6568993762845511,0.05404406639440777,0.6568993762845511,0.05404406639440777,4.7298593534679,1.5320361468332007,4.7298593534679,1.5320361468332007,1.8944301009178162,1.1252068232434345,14.8738293,8.834389585164704,DualRewardProd_adim_safe_stable_nolen,150.0,377.7801687717438,True,,,1,c7ecdc7fdc104c809d0d2e592724c2ba,2021-09-07_00-54-42,1631001282,377.7801687717438,13549,kbuc,128.111.57.123,377.7801687717438,0,1,"58_algo=a2c,env_name=ReacherBulletEnv-v0,post=<seagul.mesh.DualRewardProd object at 0x7fe7adbc6e80>",200,10,<seagul.mesh.DualRewardProd object at 0x7fe6e7edbe48>,ReacherBulletEnv-v0,a2c,/home/sgillen/work/policy_refinement/test_agent/adim_div_all/
25380_00059,0.6533889236359826,0.05770698481256071,0.6533889236359826,0.05770698481256071,4.892896313383647,2.0193487883427514,4.892896313383647,2.0193487883427514,16.748554515838624,9.925930380161883,16.748554000000002,9.925929516610806,DualRewardProd_adim_safe_stable_nolen,150.0,289.09457516670227,True,,,1,f2fd5b684f574b1e8588491302210437,2021-09-07_00-55-35,1631001335,289.09457516670227,13621,kbuc,128.111.57.123,289.09457516670227,0,1,"59_algo=ddpg,env_name=ReacherBulletEnv-v0,post=<seagul.mesh.DualRewardProd object at 0x7fe7adbc6f28>",200,10,<seagul.mesh.DualRewardProd object at 0x7fe6e7edbeb8>,ReacherBulletEnv-v0,ddpg,/home/sgillen/work/policy_refinement/test_agent/adim_div_all/
