trial_id,mdim_mean,mdim_std,mdim_nan_mean,mdim_nan_std,cdim_mean,cdim_std,cdim_nan_mean,cdim_nan_std,nreward_mean,nreward_std,ureward_mean,ureward_std,post,len_mean,time_this_iter_s,done,timesteps_total,episodes_total,training_iteration,experiment_id,date,timestamp,time_total_s,pid,hostname,node_ip,time_since_restore,timesteps_since_restore,iterations_since_restore,experiment_tag,config.ars_iters,config.mdim_trials,config.agent_folder,config.env_name,config.post,config.algo
9763b_00000,0.6507528471676407,0.3827921849262015,0.6507528471676407,0.3827921849262015,4.54224740050322,1.710739978796091,4.54224740050322,1.710739978796091,3.1606542825698853,4.874567889394364,96.16134559999999,148.30632268663123,iden,519.0,11.346410036087036,True,,,1.0,70065baf770747e89c70c89abbb2d973,2021-09-05_20-29-19,1630898959.0,11.346410036087036,13316.0,sguc2,128.111.57.96,11.346410036087036,0.0,1.0,"0_algo=a2c,env_name=LunarLanderContinuous-v2,post=None",200.0,10.0,/home/sgillen/work/policy_refinement/test_agent/box2d_all/,LunarLanderContinuous-v2,,a2c
9763b_00001,0.18217095419176296,0.050509873743583775,0.18217095419176296,0.050509873743583775,4.491344451220547,0.9017984191719406,4.491344451220547,0.9017984191719406,277.63158264160154,23.024233767486578,277.63158890000005,23.024237795783726,iden,283.2,2.6155521869659424,True,,,1.0,2e6a7e5c7dbc481dabf2f3c422bbfe60,2021-09-05_20-29-10,1630898950.0,2.6155521869659424,13314.0,sguc2,128.111.57.96,2.6155521869659424,0.0,1.0,"1_algo=ppo,env_name=LunarLanderContinuous-v2,post=None",200.0,10.0,/home/sgillen/work/policy_refinement/test_agent/box2d_all/,LunarLanderContinuous-v2,,ppo
9763b_00002,0.29778016241715627,0.24798125052152792,0.29778016241715627,0.24798125052152792,4.408848302318945,0.649753202975049,4.408848302318945,0.649753202975049,226.0059326171875,103.46129794445115,226.0059351,103.46129557238476,iden,238.3,1.8272771835327148,True,,,1.0,c920039069df4d4a99b1512f6ed74d31,2021-09-05_20-29-09,1630898949.0,1.8272771835327148,13305.0,sguc2,128.111.57.96,1.8272771835327148,0.0,1.0,"2_algo=sac,env_name=LunarLanderContinuous-v2,post=None",200.0,10.0,/home/sgillen/work/policy_refinement/test_agent/box2d_all/,LunarLanderContinuous-v2,,sac
9763b_00003,0.29024402065375776,0.2420830070574978,0.29024402065375776,0.2420830070574978,5.012161162819586,0.7203001930272158,5.012161162819586,0.7203001930272158,199.05473289489746,99.36534135455221,199.05473949999998,99.36534418192504,iden,295.7,2.9017207622528076,True,,,1.0,9f32a9c998e04c52b12bb86e491623c6,2021-09-05_20-29-13,1630898953.0,2.9017207622528076,13300.0,sguc2,128.111.57.96,2.9017207622528076,0.0,1.0,"3_algo=td3,env_name=LunarLanderContinuous-v2,post=None",200.0,10.0,/home/sgillen/work/policy_refinement/test_agent/box2d_all/,LunarLanderContinuous-v2,,td3
9763b_00004,0.13596448749991494,0.011838188518544093,0.13596448749991494,0.011838188518544093,5.15851477694301,0.9652649573744619,5.15851477694301,0.9652649573744619,280.0943572998047,23.03993002692472,280.0943659,23.03993112636751,iden,193.5,1.3988008499145508,True,,,1.0,af99c882cd02400ba8100a47789db7c4,2021-09-05_20-29-12,1630898952.0,1.3988008499145508,13298.0,sguc2,128.111.57.96,1.3988008499145508,0.0,1.0,"4_algo=tqc,env_name=LunarLanderContinuous-v2,post=None",200.0,10.0,/home/sgillen/work/policy_refinement/test_agent/box2d_all/,LunarLanderContinuous-v2,,tqc
9763b_00005,0.18202811887383574,0.1428719589589779,0.18202811887383574,0.1428719589589779,5.461083287209556,0.47218506497546703,5.461083287209556,0.47218506497546703,247.73100490570067,92.50965616842937,247.7310047,92.5096490697314,iden,310.5,2.714779853820801,True,,,1.0,4e593e0bcf9c4b5097f9c589915a8807,2021-09-05_20-29-16,1630898956.0,2.714779853820801,13296.0,sguc2,128.111.57.96,2.714779853820801,0.0,1.0,"5_algo=ddpg,env_name=LunarLanderContinuous-v2,post=None",200.0,10.0,/home/sgillen/work/policy_refinement/test_agent/box2d_all/,LunarLanderContinuous-v2,,ddpg
9763b_00006,2.417832830823225,0.14732979231213997,2.417832830823225,0.14732979231213997,7.548807405762633,0.918911844864118,7.548807405762633,0.918911844864118,19.406871604919434,0.06388570911797961,301.2951477,0.9918298726193064,iden,723.6,4.818045377731323,True,,,1.0,85dc69365fe740caa69bf06389e4f6ae,2021-09-05_20-29-19,1630898959.0,4.818045377731323,13301.0,sguc2,128.111.57.96,4.818045377731323,0.0,1.0,"6_algo=a2c,env_name=BipedalWalker-v3,post=None",200.0,10.0,/home/sgillen/work/policy_refinement/test_agent/box2d_all/,BipedalWalker-v3,,a2c
9763b_00007,1.6861583804469373,0.08519600068452313,1.6861583804469373,0.08519600068452313,7.350218754357742,2.2862669619789706,7.350218754357742,2.2862669619789706,15.749519681930542,7.451853858112567,207.95988889999998,98.39580823402449,iden,691.0,4.399801969528198,True,,,1.0,4bf06d58553f4fc9a366a5c77c86dae3,2021-09-05_20-29-21,1630898961.0,4.399801969528198,13302.0,sguc2,128.111.57.96,4.399801969528198,0.0,1.0,"7_algo=ppo,env_name=BipedalWalker-v3,post=None",200.0,10.0,/home/sgillen/work/policy_refinement/test_agent/box2d_all/,BipedalWalker-v3,,ppo
9763b_00008,1.2085106683819475,0.10521738401219796,1.2085106683819475,0.10521738401219796,14.324072042374391,1.1760126076281672,14.324072042374391,1.1760126076281672,261.43360443115233,116.9398647603141,261.4336088,116.93986837680045,iden,1008.2,6.323519229888916,True,,,1.0,10c1648efa67427281ffa46a8d7c8cc1,2021-09-05_20-29-26,1630898966.0,6.323519229888916,13304.0,sguc2,128.111.57.96,6.323519229888916,0.0,1.0,"8_algo=sac,env_name=BipedalWalker-v3,post=None",200.0,10.0,/home/sgillen/work/policy_refinement/test_agent/box2d_all/,BipedalWalker-v3,,sac
9763b_00009,1.4001730925409026,0.18200779224005234,1.4001730925409026,0.18200779224005234,13.243782872828614,0.7257651244299466,13.243782872828614,0.7257651244299466,318.193701171875,2.4021696958757346,318.19370510000005,2.4021649204465687,iden,682.9,3.810601234436035,True,,,1.0,fa7b912b65cf4e00aca5a2c43edebd39,2021-09-05_20-29-23,1630898963.0,3.810601234436035,13299.0,sguc2,128.111.57.96,3.810601234436035,0.0,1.0,"9_algo=td3,env_name=BipedalWalker-v3,post=None",200.0,10.0,/home/sgillen/work/policy_refinement/test_agent/box2d_all/,BipedalWalker-v3,,td3
9763b_00010,1.3487928355116492,0.09253389122740381,1.3487928355116492,0.09253389122740381,12.92227590448596,1.5700839584357316,12.92227590448596,1.5700839584357316,292.93961639404296,125.13811688699333,292.93961500000006,125.1381177673791,iden,545.8,3.3335952758789062,True,,,1.0,409570951edd4e3fa9ec6d402791e373,2021-09-05_20-29-25,1630898965.0,3.3335952758789062,13294.0,sguc2,128.111.57.96,3.3335952758789062,0.0,1.0,"10_algo=tqc,env_name=BipedalWalker-v3,post=None",200.0,10.0,/home/sgillen/work/policy_refinement/test_agent/box2d_all/,BipedalWalker-v3,,tqc
9763b_00011,1.417084819523989,0.11318944870824342,1.417084819523989,0.11318944870824342,15.051898072082011,1.4168867392140092,15.051898072082011,1.4168867392140092,199.8730993270874,139.97220759325484,199.8731022,139.97221128161527,iden,663.7,3.575530767440796,True,,,1.0,be895df2ba3d417681f4bc7d7f8698d5,2021-09-05_20-29-28,1630898968.0,3.575530767440796,13292.0,sguc2,128.111.57.96,3.575530767440796,0.0,1.0,"11_algo=ddpg,env_name=BipedalWalker-v3,post=None",200.0,10.0,/home/sgillen/work/policy_refinement/test_agent/box2d_all/,BipedalWalker-v3,,ddpg
9763b_00012,1.067878059823111,0.6372074834230199,1.067878059823111,0.6372074834230199,6.057312294861991,1.1104555197392219,6.057312294861991,1.1104555197392219,7.500834846496582,10.525004321173524,78.05788679999998,109.52907907103021,iden,1121.7,9.852903366088867,True,,,1.0,8c696dfc44164e8bbd26676cbc9c2f9d,2021-09-05_20-29-36,1630898976.0,9.852903366088867,13289.0,sguc2,128.111.57.96,9.852903366088867,0.0,1.0,"12_algo=a2c,env_name=BipedalWalkerHardcore-v3,post=None",200.0,10.0,/home/sgillen/work/policy_refinement/test_agent/box2d_all/,BipedalWalkerHardcore-v3,,a2c
9763b_00013,1.2269323917599257,0.47610723088678825,1.2269323917599257,0.47610723088678825,5.257134690814801,0.5603062161032223,5.257134690814801,0.5603062161032223,12.334521424770355,11.52297130782643,131.93546640000002,123.25476124334746,iden,1033.3,7.825323104858398,True,,,1.0,dde0a4d5378d471d8489c394d98749bd,2021-09-05_20-29-35,1630898975.0,7.825323104858398,13297.0,sguc2,128.111.57.96,7.825323104858398,0.0,1.0,"13_algo=ppo,env_name=BipedalWalkerHardcore-v3,post=None",200.0,10.0,/home/sgillen/work/policy_refinement/test_agent/box2d_all/,BipedalWalkerHardcore-v3,,ppo
9763b_00014,0.2738985991023329,0.2293720215751187,0.2738985991023329,0.2293720215751187,13.810867616141106,1.7412382331796985,13.810867616141106,1.7412382331796985,-34.38893337249756,88.76626299892845,-34.3889333,88.76626152024494,iden,1567.9,15.638125896453857,True,,,1.0,79a7ef9f8e174e979d3cdf05e7212e6b,2021-09-05_20-29-44,1630898984.0,15.638125896453857,13293.0,sguc2,128.111.57.96,15.638125896453857,0.0,1.0,"14_algo=sac,env_name=BipedalWalkerHardcore-v3,post=None",200.0,10.0,/home/sgillen/work/policy_refinement/test_agent/box2d_all/,BipedalWalkerHardcore-v3,,sac
9763b_00015,0.13811778963887986,0.045065663188945206,0.13811778963887986,0.045065663188945206,6.692859938200732,4.108602999464418,6.692859938200732,4.108602999464418,-94.10619430541992,12.727634759248923,-94.1061927,12.727633137999955,iden,2000.0,20.093145847320557,True,,,1.0,4483bd15e51b4f4090f6d62c7f0346f0,2021-09-05_20-29-56,1630898996.0,20.093145847320557,13295.0,sguc2,128.111.57.96,20.093145847320557,0.0,1.0,"15_algo=td3,env_name=BipedalWalkerHardcore-v3,post=None",200.0,10.0,/home/sgillen/work/policy_refinement/test_agent/box2d_all/,BipedalWalkerHardcore-v3,,td3
9763b_00016,1.2540589931392405,0.6799152743663721,1.2540589931392405,0.6799152743663721,15.517050048097056,0.9596891072856725,15.517050048097056,0.9596891072856725,224.69875411987306,101.74099594296226,224.69875659999997,101.74099750773202,iden,1296.0,9.49885606765747,True,,,1.0,6db1779c574e4be5a079ad073ac1aa14,2021-09-05_20-29-47,1630898987.0,9.49885606765747,13290.0,sguc2,128.111.57.96,9.49885606765747,0.0,1.0,"16_algo=tqc,env_name=BipedalWalkerHardcore-v3,post=None",200.0,10.0,/home/sgillen/work/policy_refinement/test_agent/box2d_all/,BipedalWalkerHardcore-v3,,tqc
,,,,,,,,,,,,,,,,True,,,,,,,,,,,,,,,,,,,,
9763b_00018,0.09806233076587642,0.008320894990157984,0.09806233076587642,0.008320894990157984,2.528604652660242,0.5520854307288818,2.528604652660242,0.5520854307288818,-1.4516695022583008,0.626128234979436,-230.03633830000004,99.21834701446792,iden,200.0,1.0766890048980713,True,,,1.0,10996f3c6745434a972b63448daed865,2021-09-05_20-29-47,1630898987.0,1.0766890048980713,13303.0,sguc2,128.111.57.96,1.0766890048980713,0.0,1.0,"18_algo=a2c,env_name=Pendulum-v0,post=None",200.0,10.0,/home/sgillen/work/policy_refinement/test_agent/box2d_all/,Pendulum-v0,,a2c
9763b_00019,0.15288710756690932,0.012119353958812378,0.15288710756690932,0.012119353958812378,5.5545515022917495,1.3674879297028582,5.5545515022917495,1.3674879297028582,-171.80625689029694,127.36237888219216,-171.80625479999998,127.36237419354009,iden,200.0,0.9319009780883789,True,,,1.0,53786af51a5344a98483ad94774079b5,2021-09-05_20-29-48,1630898988.0,0.9319009780883789,13286.0,sguc2,128.111.57.96,0.9319009780883789,0.0,1.0,"19_algo=ppo,env_name=Pendulum-v0,post=None",200.0,10.0,/home/sgillen/work/policy_refinement/test_agent/box2d_all/,Pendulum-v0,,ppo
9763b_00020,0.1691082065030905,0.02030621808659927,0.1691082065030905,0.02030621808659927,4.982265056825005,1.9738716581256035,4.982265056825005,1.9738716581256035,-116.41866855621338,116.08540191577231,-116.4186684,116.08540260025526,iden,200.0,0.9232251644134521,True,,,1.0,86a06ba4684d4ba581884a96a98455c6,2021-09-05_20-29-49,1630898989.0,0.9232251644134521,13287.0,sguc2,128.111.57.96,0.9232251644134521,0.0,1.0,"20_algo=sac,env_name=Pendulum-v0,post=None",200.0,10.0,/home/sgillen/work/policy_refinement/test_agent/box2d_all/,Pendulum-v0,,sac
9763b_00021,0.12598478212723413,0.013364982333777777,0.12598478212723413,0.013364982333777777,4.410598955974075,1.5304645264660215,4.410598955974075,1.5304645264660215,-110.63202730417251,83.53806876746991,-110.6320275,83.53806539412496,iden,200.0,0.8663740158081055,True,,,1.0,2c6c1d9309b340c58116ae71dd608e2e,2021-09-05_20-29-50,1630898990.0,0.8663740158081055,13291.0,sguc2,128.111.57.96,0.8663740158081055,0.0,1.0,"21_algo=td3,env_name=Pendulum-v0,post=None",200.0,10.0,/home/sgillen/work/policy_refinement/test_agent/box2d_all/,Pendulum-v0,,td3
9763b_00022,0.1710058701500941,0.017903758489177433,0.1710058701500941,0.017903758489177433,5.332530968563911,0.6373695539214814,5.332530968563911,0.6373695539214814,-144.57922744750977,45.915895737566025,-144.57922920000001,45.915894336770194,iden,200.0,0.8922972679138184,True,,,1.0,14bfa79cd6ed4382bab8edcdfe3e63cd,2021-09-05_20-29-51,1630898991.0,0.8922972679138184,13284.0,sguc2,128.111.57.96,0.8922972679138184,0.0,1.0,"22_algo=tqc,env_name=Pendulum-v0,post=None",200.0,10.0,/home/sgillen/work/policy_refinement/test_agent/box2d_all/,Pendulum-v0,,tqc
9763b_00023,0.1292721387392188,0.009815082401777532,0.1292721387392188,0.009815082401777532,5.62962232567481,1.2979586074580138,5.62962232567481,1.2979586074580138,-157.35238034725188,99.30201799223114,-157.35237709999998,99.30201221145416,iden,200.0,0.8997147083282471,True,,,1.0,4633b383257148b098ede3b13c6cba0d,2021-09-05_20-29-52,1630898992.0,0.8997147083282471,13285.0,sguc2,128.111.57.96,0.8997147083282471,0.0,1.0,"23_algo=ddpg,env_name=Pendulum-v0,post=None",200.0,10.0,/home/sgillen/work/policy_refinement/test_agent/box2d_all/,Pendulum-v0,,ddpg
9763b_00024,0.7826213312512956,0.04247497808133366,0.7826213312512956,0.04247497808133366,2.6682908205425653,0.8147859010434658,2.6682908205425653,0.8147859010434658,9.028250026702882,0.017261660701883112,91.27125509999999,0.15327509044293516,iden,89.3,0.310394287109375,True,,,1.0,ed2acab4ee654c5a9f83fb951fb0d4df,2021-09-05_20-29-52,1630898992.0,0.310394287109375,13923.0,sguc2,128.111.57.96,0.310394287109375,0.0,1.0,"24_algo=a2c,env_name=MountainCarContinuous-v0,post=None",200.0,10.0,/home/sgillen/work/policy_refinement/test_agent/box2d_all/,MountainCarContinuous-v0,,a2c
9763b_00025,0.8488624627944388,0.04084642039098648,0.8488624627944388,0.04084642039098648,2.4117005217006207,0.2830201191843421,2.4117005217006207,0.2830201191843421,7.3095615863800045,0.23105475931002237,87.1905445,2.756086064164839,iden,221.9,0.7802886962890625,True,,,1.0,6839ffbf21f240299a603ed4b5228509,2021-09-05_20-29-54,1630898994.0,0.7802886962890625,13928.0,sguc2,128.111.57.96,0.7802886962890625,0.0,1.0,"25_algo=ppo,env_name=MountainCarContinuous-v0,post=None",200.0,10.0,/home/sgillen/work/policy_refinement/test_agent/box2d_all/,MountainCarContinuous-v0,,ppo
9763b_00026,0.6672262616991691,0.022254731796816266,0.6672262616991691,0.022254731796816266,2.290063304795509,0.1984866571618936,2.290063304795509,0.1984866571618936,95.14149780273438,0.640871196926996,95.1414963,0.6408709634464707,iden,90.0,0.26319241523742676,True,,,1.0,e177f086d2e84aa690f49855d495127a,2021-09-05_20-29-54,1630898994.0,0.26319241523742676,13978.0,sguc2,128.111.57.96,0.26319241523742676,0.0,1.0,"26_algo=sac,env_name=MountainCarContinuous-v0,post=None",200.0,10.0,/home/sgillen/work/policy_refinement/test_agent/box2d_all/,MountainCarContinuous-v0,,sac
9763b_00027,0.6837866509272514,0.0330777097785496,0.6837866509272514,0.0330777097785496,2.2239010857415447,0.0,2.2239010857415447,0.0,93.47494201660156,0.0706537451488568,93.4749416,0.07065468855525464,iden,66.0,0.18187308311462402,True,,,1.0,97aedf96b9d54c87ac4707a38dbe7865,2021-09-05_20-29-55,1630898995.0,0.18187308311462402,14013.0,sguc2,128.111.57.96,0.18187308311462402,0.0,1.0,"27_algo=td3,env_name=MountainCarContinuous-v0,post=None",200.0,10.0,/home/sgillen/work/policy_refinement/test_agent/box2d_all/,MountainCarContinuous-v0,,td3
9763b_00028,0.8835668918516728,0.02123128125406819,0.8835668918516728,0.02123128125406819,3.2418833497361788,0.4432126453937091,3.2418833497361788,0.4432126453937091,57.02720409631729,47.078314605309984,57.0272054,47.07831587660842,iden,806.6,2.33235239982605,True,,,1.0,bfd904b936bc4743a7da8bdecd1f1526,2021-09-05_20-29-57,1630898997.0,2.33235239982605,14007.0,sguc2,128.111.57.96,2.33235239982605,0.0,1.0,"28_algo=tqc,env_name=MountainCarContinuous-v0,post=None",200.0,10.0,/home/sgillen/work/policy_refinement/test_agent/box2d_all/,MountainCarContinuous-v0,,tqc
9763b_00029,0.6955681606309014,0.03654080978926088,0.6955681606309014,0.03654080978926088,2.2655601332444717,0.06363524618730822,2.2655601332444717,0.06363524618730822,93.53014831542968,0.04157861705880942,93.5301473,0.0415787185662328,iden,66.2,0.18500614166259766,True,,,1.0,5e8d685ea9704bff86e4e4e22d9d728d,2021-09-05_20-29-56,1630898996.0,0.18500614166259766,14045.0,sguc2,128.111.57.96,0.18500614166259766,0.0,1.0,"29_algo=ddpg,env_name=MountainCarContinuous-v0,post=None",200.0,10.0,/home/sgillen/work/policy_refinement/test_agent/box2d_all/,MountainCarContinuous-v0,,ddpg
9763b_00030,0.2851738388242947,0.21100784564151961,0.2851738388242947,0.21100784564151961,3.9623887198894083,1.7599711248495011,3.9623887198894083,1.7599711248495011,6.86257586479187,2.9133699916336617,208.7904897,88.63784429056767,postprocess_default,279.9,3868.542483329773,True,,,1.0,590f373d40324ee6b7cf1cfe3310154b,2021-09-05_21-34-25,1630902865.0,3868.542483329773,14014.0,sguc2,128.111.57.96,3868.542483329773,0.0,1.0,"30_algo=a2c,env_name=LunarLanderContinuous-v2,post=<function postprocess_default at 0x7fdd1f24d048>",200.0,10.0,/home/sgillen/work/policy_refinement/test_agent/box2d_all/,LunarLanderContinuous-v2,<function postprocess_default at 0x7fdd1f24d048>,a2c
9763b_00031,0.16431430368418015,0.010377274732633926,0.16431430368418015,0.010377274732633926,4.168954342646392,0.8714048022365765,4.168954342646392,0.8714048022365765,270.22523803710936,22.27743335753096,270.22523149999995,22.277434440952565,postprocess_default,277.6,987.1484811306,True,,,1.0,ad2296e429da42c49bfc2afea5cf1ba1,2021-09-05_20-46-24,1630899984.0,987.1484811306,14011.0,sguc2,128.111.57.96,987.1484811306,0.0,1.0,"31_algo=ppo,env_name=LunarLanderContinuous-v2,post=<function postprocess_default at 0x7fdd1f24d048>",200.0,10.0,/home/sgillen/work/policy_refinement/test_agent/box2d_all/,LunarLanderContinuous-v2,<function postprocess_default at 0x7fdd1f24d048>,ppo
9763b_00032,0.14019392528309146,0.016673765526421528,0.14019392528309146,0.016673765526421528,4.288901322482669,0.6186759624119409,4.288901322482669,0.6186759624119409,279.11498260498047,13.99110220300408,279.11498109999997,13.9911059655665,postprocess_default,206.0,674.3342471122742,True,,,1.0,6c4ef625015543bcb94d8e1aaaee5974,2021-09-05_20-41-13,1630899673.0,674.3342471122742,14194.0,sguc2,128.111.57.96,674.3342471122742,0.0,1.0,"32_algo=sac,env_name=LunarLanderContinuous-v2,post=<function postprocess_default at 0x7fdd1f24d048>",200.0,10.0,/home/sgillen/work/policy_refinement/test_agent/box2d_all/,LunarLanderContinuous-v2,<function postprocess_default at 0x7fdd1f24d048>,sac
9763b_00033,0.1832849167718865,0.06955442425954829,0.1832849167718865,0.06955442425954829,5.143063572235201,1.0373933842199212,5.143063572235201,1.0373933842199212,259.6931381225586,21.65716571247398,259.69313769999997,21.657169089588347,postprocess_default,252.6,1262.868357181549,True,,,1.0,0ccc93ded47640a3b7c87fa0364cef62,2021-09-05_21-02-18,1630900938.0,1262.868357181549,14590.0,sguc2,128.111.57.96,1262.868357181549,0.0,1.0,"33_algo=td3,env_name=LunarLanderContinuous-v2,post=<function postprocess_default at 0x7fdd1f24d048>",200.0,10.0,/home/sgillen/work/policy_refinement/test_agent/box2d_all/,LunarLanderContinuous-v2,<function postprocess_default at 0x7fdd1f24d048>,td3
9763b_00034,0.16001208833428085,0.08222847857399784,0.16001208833428085,0.08222847857399784,5.243063572235202,1.0689758368220095,5.243063572235202,1.0689758368220095,288.01222839355466,17.692107002432042,288.01222800000005,17.692110040240397,postprocess_default,213.3,550.6236548423767,True,,,1.0,cd4b7c2afe1749079f5c1292ef09ef92,2021-09-05_20-55-36,1630900536.0,550.6236548423767,14675.0,sguc2,128.111.57.96,550.6236548423767,0.0,1.0,"34_algo=tqc,env_name=LunarLanderContinuous-v2,post=<function postprocess_default at 0x7fdd1f24d048>",200.0,10.0,/home/sgillen/work/policy_refinement/test_agent/box2d_all/,LunarLanderContinuous-v2,<function postprocess_default at 0x7fdd1f24d048>,tqc
9763b_00035,0.21225626373670572,0.15638928906395444,0.21225626373670572,0.15638928906395444,5.963880283834241,1.138073375630619,5.963880283834241,1.138073375630619,217.97762908935547,149.3378353452486,217.97762359999996,149.33783770623776,postprocess_default,257.5,843.0996353626251,True,,,1.0,d5567473a66c4a2f969e7ccc785f8dd5,2021-09-05_21-09-41,1630901381.0,843.0996353626251,14814.0,sguc2,128.111.57.96,843.0996353626251,0.0,1.0,"35_algo=ddpg,env_name=LunarLanderContinuous-v2,post=<function postprocess_default at 0x7fdd1f24d048>",200.0,10.0,/home/sgillen/work/policy_refinement/test_agent/box2d_all/,LunarLanderContinuous-v2,<function postprocess_default at 0x7fdd1f24d048>,ddpg
9763b_00036,2.245857966998524,0.1604195642075336,2.245857966998524,0.1604195642075336,7.420256426021625,0.42488884065824717,7.420256426021625,0.42488884065824717,20.21491527557373,0.06822941148442042,313.8401837,1.0592721526121696,postprocess_default,701.6,2097.1711959838867,True,,,1.0,39e15dcf7c1e4570908dd1381c837b73,2021-09-05_21-37-16,1630903036.0,2097.1711959838867,14961.0,sguc2,128.111.57.96,2097.1711959838867,0.0,1.0,"36_algo=a2c,env_name=BipedalWalker-v3,post=<function postprocess_default at 0x7fdd1f24d048>",200.0,10.0,/home/sgillen/work/policy_refinement/test_agent/box2d_all/,BipedalWalker-v3,<function postprocess_default at 0x7fdd1f24d048>,a2c
9763b_00037,1.623858416011189,0.10023238678273558,1.623858416011189,0.10023238678273558,9.306072321059215,1.844683965197531,9.306072321059215,1.844683965197531,24.662231063842775,0.07627964553718526,325.6451677,1.007208962639031,postprocess_default,745.3,2198.8186469078064,True,,,1.0,3206962ccbb84681a09d4b3ea4a3a6b0,2021-09-05_21-46-22,1630903582.0,2198.8186469078064,15349.0,sguc2,128.111.57.96,2198.8186469078064,0.0,1.0,"37_algo=ppo,env_name=BipedalWalker-v3,post=<function postprocess_default at 0x7fdd1f24d048>",200.0,10.0,/home/sgillen/work/policy_refinement/test_agent/box2d_all/,BipedalWalker-v3,<function postprocess_default at 0x7fdd1f24d048>,ppo
9763b_00038,1.2335009000354262,0.07949375199258837,1.2335009000354262,0.07949375199258837,15.503423642193377,1.335792126684242,15.503423642193377,1.335792126684242,321.0097351074219,1.2489858993007479,321.0097389,1.2489941524141268,postprocess_default,1129.8,3305.2058577537537,True,,,1.0,465df5ae7171415ba0c6739fc491ed29,2021-09-05_22-29-32,1630906172.0,3305.2058577537537,16058.0,sguc2,128.111.57.96,3305.2058577537537,0.0,1.0,"38_algo=sac,env_name=BipedalWalker-v3,post=<function postprocess_default at 0x7fdd1f24d048>",200.0,10.0,/home/sgillen/work/policy_refinement/test_agent/box2d_all/,BipedalWalker-v3,<function postprocess_default at 0x7fdd1f24d048>,sac
9763b_00039,1.4482237331529795,0.0954659146104987,1.4482237331529795,0.0954659146104987,12.219994948763567,0.7424316335798546,12.219994948763567,0.7424316335798546,334.4595001220703,0.6237321098157331,334.4594987,0.6237395641177648,postprocess_default,686.4,1856.9467434883118,True,,,1.0,76cfd44d73244363ba8459433da4ba76,2021-09-05_22-08-15,1630904895.0,1856.9467434883118,16118.0,sguc2,128.111.57.96,1856.9467434883118,0.0,1.0,"39_algo=td3,env_name=BipedalWalker-v3,post=<function postprocess_default at 0x7fdd1f24d048>",200.0,10.0,/home/sgillen/work/policy_refinement/test_agent/box2d_all/,BipedalWalker-v3,<function postprocess_default at 0x7fdd1f24d048>,td3
9763b_00040,1.4051090804294444,0.09170996294788908,1.4051090804294444,0.09170996294788908,11.666316549041554,0.5263175685794896,11.666316549041554,0.5263175685794896,344.02833862304686,0.17434993667176107,344.0283447,0.17435154266656636,postprocess_default,675.5,1991.2896518707275,True,,,1.0,971c2ed9359744748fbc29067eb70300,2021-09-05_22-19-35,1630905575.0,1991.2896518707275,16200.0,sguc2,128.111.57.96,1991.2896518707275,0.0,1.0,"40_algo=tqc,env_name=BipedalWalker-v3,post=<function postprocess_default at 0x7fdd1f24d048>",200.0,10.0,/home/sgillen/work/policy_refinement/test_agent/box2d_all/,BipedalWalker-v3,<function postprocess_default at 0x7fdd1f24d048>,tqc
9763b_00041,1.4268152533742195,0.12403920196698015,1.4268152533742195,0.12403920196698015,15.478645425994284,0.6340028281597646,15.478645425994284,0.6340028281597646,291.9538513183594,1.4587341905285116,291.9538443,1.4587339735203382,postprocess_default,771.5,1992.6629421710968,True,,,1.0,18031ee49e434e17b3c72771da2c0c0f,2021-09-05_22-41-29,1630906889.0,1992.6629421710968,16294.0,sguc2,128.111.57.96,1992.6629421710968,0.0,1.0,"41_algo=ddpg,env_name=BipedalWalker-v3,post=<function postprocess_default at 0x7fdd1f24d048>",200.0,10.0,/home/sgillen/work/policy_refinement/test_agent/box2d_all/,BipedalWalker-v3,<function postprocess_default at 0x7fdd1f24d048>,ddpg
9763b_00042,0.8022695175128163,0.7498358059380275,0.8022695175128163,0.7498358059380275,7.109364620372442,2.0541702463703833,7.109364620372442,2.0541702463703833,13.997288370132447,9.699980876016845,145.6636105,100.9434246402992,postprocess_default,1692.2,4746.0802590847015,True,,,1.0,73d99927890f451cb654a164dd1913bd,2021-09-05_23-38-42,1630910322.0,4746.0802590847015,16459.0,sguc2,128.111.57.96,4746.0802590847015,0.0,1.0,"42_algo=a2c,env_name=BipedalWalkerHardcore-v3,post=<function postprocess_default at 0x7fdd1f24d048>",200.0,10.0,/home/sgillen/work/policy_refinement/test_agent/box2d_all/,BipedalWalkerHardcore-v3,<function postprocess_default at 0x7fdd1f24d048>,a2c
9763b_00043,0.920001144758737,0.6737852167889009,0.920001144758737,0.6737852167889009,5.450185272602706,0.9221510522968536,5.450185272602706,0.9221510522968536,12.339904260635375,9.222119525025095,131.99304439999997,98.64384126780992,postprocess_default,1458.9,4752.049465417862,True,,,1.0,86894ae0e60243f791f9088e1ddf56f2,2021-09-05_23-48-46,1630910926.0,4752.049465417862,16561.0,sguc2,128.111.57.96,4752.049465417862,0.0,1.0,"43_algo=ppo,env_name=BipedalWalkerHardcore-v3,post=<function postprocess_default at 0x7fdd1f24d048>",200.0,10.0,/home/sgillen/work/policy_refinement/test_agent/box2d_all/,BipedalWalkerHardcore-v3,<function postprocess_default at 0x7fdd1f24d048>,ppo
9763b_00044,0.11943681068441511,0.03459801017563103,0.11943681068441511,0.03459801017563103,11.902182096288138,5.155882663754502,11.902182096288138,5.155882663754502,18.50650873184204,69.92798144358518,18.506509200000004,69.9279837911166,postprocess_default,2000.0,5139.7411673069,True,,,1.0,7e81a49fa3ca4ec8838817b2497d9d6c,2021-09-06_00-07-11,1630912031.0,5139.7411673069,16710.0,sguc2,128.111.57.96,5139.7411673069,0.0,1.0,"44_algo=sac,env_name=BipedalWalkerHardcore-v3,post=<function postprocess_default at 0x7fdd1f24d048>",200.0,10.0,/home/sgillen/work/policy_refinement/test_agent/box2d_all/,BipedalWalkerHardcore-v3,<function postprocess_default at 0x7fdd1f24d048>,sac
9763b_00045,0.19533109311306093,0.025330173774051053,0.19533109311306093,0.025330173774051053,9.798961359251091,0.718071417707991,9.798961359251091,0.718071417707991,-24.05149850845337,5.336613314628763,-24.051499,5.336613116105907,postprocess_default,2000.0,4852.466745138168,True,,,1.0,447a993d4d514ad0b3f59748a9f71e66,2021-09-06_00-59-36,1630915176.0,4852.466745138168,17101.0,sguc2,128.111.57.96,4852.466745138168,0.0,1.0,"45_algo=td3,env_name=BipedalWalkerHardcore-v3,post=<function postprocess_default at 0x7fdd1f24d048>",200.0,10.0,/home/sgillen/work/policy_refinement/test_agent/box2d_all/,BipedalWalkerHardcore-v3,<function postprocess_default at 0x7fdd1f24d048>,td3
9763b_00046,1.3212399194280877,0.4351969737566618,1.3212399194280877,0.4351969737566618,16.50978435522708,0.7755409422212693,16.50978435522708,0.7755409422212693,243.93066329956054,100.08070274182185,243.93066059999995,100.08069966758295,postprocess_default,1242.0,3644.6755261421204,True,,,1.0,6372f7e7c110494592f3c322efd9ec34,2021-09-06_00-49-32,1630914572.0,3644.6755261421204,17302.0,sguc2,128.111.57.96,3644.6755261421204,0.0,1.0,"46_algo=tqc,env_name=BipedalWalkerHardcore-v3,post=<function postprocess_default at 0x7fdd1f24d048>",200.0,10.0,/home/sgillen/work/policy_refinement/test_agent/box2d_all/,BipedalWalkerHardcore-v3,<function postprocess_default at 0x7fdd1f24d048>,tqc
,,,,,,,,,,,,,,,,True,,,,,,,,,,,,,,,,,,,,
9763b_00048,0.09745422685263648,0.008238864653057053,0.09745422685263648,0.008238864653057053,2.386595390053319,0.4346750953174607,2.386595390053319,0.4346750953174607,-1.4484117150306701,0.6213154252748432,-229.52010619999996,98.45570122008989,postprocess_default,200.0,388.6360113620758,True,,,1.0,2098f86595d84435bc63c8b3114bf0f6,2021-09-06_00-13-43,1630912423.0,388.6360113620758,17769.0,sguc2,128.111.57.96,388.6360113620758,0.0,1.0,"48_algo=a2c,env_name=Pendulum-v0,post=<function postprocess_default at 0x7fdd1f24d048>",200.0,10.0,/home/sgillen/work/policy_refinement/test_agent/box2d_all/,Pendulum-v0,<function postprocess_default at 0x7fdd1f24d048>,a2c
9763b_00049,0.14249434882088532,0.01436207717962133,0.14249434882088532,0.01436207717962133,5.52098464330468,1.3609925154410574,5.52098464330468,1.3609925154410574,-149.56662719249726,109.0847194953355,-149.56663099999997,109.08472213435195,postprocess_default,200.0,303.5793545246124,True,,,1.0,86cd45da66d74c07b78bcf824e3d7049,2021-09-06_00-18-49,1630912729.0,303.5793545246124,17944.0,sguc2,128.111.57.96,303.5793545246124,0.0,1.0,"49_algo=ppo,env_name=Pendulum-v0,post=<function postprocess_default at 0x7fdd1f24d048>",200.0,10.0,/home/sgillen/work/policy_refinement/test_agent/box2d_all/,Pendulum-v0,<function postprocess_default at 0x7fdd1f24d048>,ppo
9763b_00050,0.18651370155772865,0.01577222188935263,0.18651370155772865,0.01577222188935263,4.671036946407957,1.6807344343606683,4.671036946407957,1.6807344343606683,-101.66428934931756,97.06437652184093,-101.6642919,97.06438297312066,postprocess_default,200.0,295.6680166721344,True,,,1.0,382bd4535f984c08ad0da0c87492aa3d,2021-09-06_00-23-46,1630913026.0,295.6680166721344,18086.0,sguc2,128.111.57.96,295.6680166721344,0.0,1.0,"50_algo=sac,env_name=Pendulum-v0,post=<function postprocess_default at 0x7fdd1f24d048>",200.0,10.0,/home/sgillen/work/policy_refinement/test_agent/box2d_all/,Pendulum-v0,<function postprocess_default at 0x7fdd1f24d048>,sac
9763b_00051,0.13035941524509326,0.012025006146609523,0.13035941524509326,0.012025006146609523,4.404725808299839,1.4670115342736108,4.404725808299839,1.4670115342736108,-110.94259058237076,83.83631028863455,-110.9425886,83.83631049972995,postprocess_default,200.0,281.8994071483612,True,,,1.0,207a874c77ff4de599f0354a15758b87,2021-09-06_00-28-30,1630913310.0,281.8994071483612,18206.0,sguc2,128.111.57.96,281.8994071483612,0.0,1.0,"51_algo=td3,env_name=Pendulum-v0,post=<function postprocess_default at 0x7fdd1f24d048>",200.0,10.0,/home/sgillen/work/policy_refinement/test_agent/box2d_all/,Pendulum-v0,<function postprocess_default at 0x7fdd1f24d048>,td3
9763b_00052,0.13157577930005104,0.006212100502172202,0.13157577930005104,0.006212100502172202,5.088948745691896,0.5090886595423939,5.088948745691896,0.5090886595423939,-144.3924446105957,45.8315047945219,-144.3924445,45.831506379018535,postprocess_default,200.0,296.2199261188507,True,,,1.0,d80452d18be84c3d8abd1d9fb5b6dea7,2021-09-06_00-33-28,1630913608.0,296.2199261188507,18320.0,sguc2,128.111.57.96,296.2199261188507,0.0,1.0,"52_algo=tqc,env_name=Pendulum-v0,post=<function postprocess_default at 0x7fdd1f24d048>",200.0,10.0,/home/sgillen/work/policy_refinement/test_agent/box2d_all/,Pendulum-v0,<function postprocess_default at 0x7fdd1f24d048>,tqc
9763b_00053,0.13458318065847086,0.01052937094438031,0.13458318065847086,0.01052937094438031,5.799598189456907,1.5860662148012428,5.799598189456907,1.5860662148012428,-152.15018119812012,87.58049878498048,-152.1501764,87.58049442524131,postprocess_default,200.0,282.7618787288666,True,,,1.0,900489a1a59b4366b591a2ee2bc7412c,2021-09-06_00-38-12,1630913892.0,282.7618787288666,18416.0,sguc2,128.111.57.96,282.7618787288666,0.0,1.0,"53_algo=ddpg,env_name=Pendulum-v0,post=<function postprocess_default at 0x7fdd1f24d048>",200.0,10.0,/home/sgillen/work/policy_refinement/test_agent/box2d_all/,Pendulum-v0,<function postprocess_default at 0x7fdd1f24d048>,ddpg
9763b_00054,0.79739364999741,0.025796787568414987,0.79739364999741,0.025796787568414987,2.777806776110409,0.7292562061940908,2.777806776110409,0.7292562061940908,9.202642440795898,0.012170334500861543,92.8197907,0.10806701581615975,postprocess_default,74.0,140.8253321647644,True,,,1.0,ea7912b46ece424ca07c786394cf70d8,2021-09-06_00-40-35,1630914035.0,140.8253321647644,18495.0,sguc2,128.111.57.96,140.8253321647644,0.0,1.0,"54_algo=a2c,env_name=MountainCarContinuous-v0,post=<function postprocess_default at 0x7fdd1f24d048>",200.0,10.0,/home/sgillen/work/policy_refinement/test_agent/box2d_all/,MountainCarContinuous-v0,<function postprocess_default at 0x7fdd1f24d048>,a2c
9763b_00055,0.950840840380111,0.07924420442235648,0.950840840380111,0.07924420442235648,2.3105017668108023,0.14461479215646406,2.3105017668108023,0.14461479215646406,8.317489337921142,0.0068779108997621555,99.2134041,0.08204384329667996,postprocess_default,576.0,823.9876458644867,True,,,1.0,5158bc7bb94748edb378a76f12164948,2021-09-06_00-54-20,1630914860.0,823.9876458644867,18573.0,sguc2,128.111.57.96,823.9876458644867,0.0,1.0,"55_algo=ppo,env_name=MountainCarContinuous-v0,post=<function postprocess_default at 0x7fdd1f24d048>",200.0,10.0,/home/sgillen/work/policy_refinement/test_agent/box2d_all/,MountainCarContinuous-v0,<function postprocess_default at 0x7fdd1f24d048>,ppo
9763b_00056,0.6594276242093854,0.03285181489110516,0.6594276242093854,0.03285181489110516,2.6972659650962605,0.7230767969922083,2.6972659650962605,0.7230767969922083,95.07646865844727,0.7770772389219781,95.0764668,0.7770777244977232,postprocess_default,106.4,150.5107066631317,True,,,1.0,b87b180ff179456aa6411d34061eb252,2021-09-06_00-52-04,1630914724.0,150.5107066631317,18694.0,sguc2,128.111.57.96,150.5107066631317,0.0,1.0,"56_algo=sac,env_name=MountainCarContinuous-v0,post=<function postprocess_default at 0x7fdd1f24d048>",200.0,10.0,/home/sgillen/work/policy_refinement/test_agent/box2d_all/,MountainCarContinuous-v0,<function postprocess_default at 0x7fdd1f24d048>,sac
9763b_00057,0.6735810882117279,0.025387890983039795,0.6735810882117279,0.025387890983039795,2.223901085741545,4.440892098500626e-16,2.223901085741545,4.440892098500626e-16,94.04286651611328,0.1322715775185576,94.04286470000001,0.13227091759192566,postprocess_default,67.5,98.01121687889099,True,,,1.0,a8ad57f1d5354fcfa5bfb8a1aa7b3ca0,2021-09-06_00-53-44,1630914824.0,98.01121687889099,18762.0,sguc2,128.111.57.96,98.01121687889099,0.0,1.0,"57_algo=td3,env_name=MountainCarContinuous-v0,post=<function postprocess_default at 0x7fdd1f24d048>",200.0,10.0,/home/sgillen/work/policy_refinement/test_agent/box2d_all/,MountainCarContinuous-v0,<function postprocess_default at 0x7fdd1f24d048>,td3
9763b_00058,0.725694230470101,0.05687069077957879,0.725694230470101,0.05687069077957879,3.080934035395031,0.48267626009438847,3.080934035395031,0.48267626009438847,96.13432922363282,0.6730328308074167,96.1343299,0.6730289920292346,postprocess_default,383.5,395.36193346977234,True,,,1.0,d181a17b5f8c47d6877a206cdcaf7b79,2021-09-06_01-00-21,1630915221.0,395.36193346977234,18823.0,sguc2,128.111.57.96,395.36193346977234,0.0,1.0,"58_algo=tqc,env_name=MountainCarContinuous-v0,post=<function postprocess_default at 0x7fdd1f24d048>",200.0,10.0,/home/sgillen/work/policy_refinement/test_agent/box2d_all/,MountainCarContinuous-v0,<function postprocess_default at 0x7fdd1f24d048>,tqc
9763b_00059,0.6243761621984392,0.07102250019887942,0.6243761621984392,0.07102250019887942,2.2239010857415447,0.0,2.2239010857415447,0.0,94.87395782470703,0.2913750465163011,94.87395430000001,0.29137563362884417,postprocess_default,83.9,115.61888551712036,True,,,1.0,0170aade514e4dadbd23312da6c56fe8,2021-09-06_00-56-17,1630914977.0,115.61888551712036,18883.0,sguc2,128.111.57.96,115.61888551712036,0.0,1.0,"59_algo=ddpg,env_name=MountainCarContinuous-v0,post=<function postprocess_default at 0x7fdd1f24d048>",200.0,10.0,/home/sgillen/work/policy_refinement/test_agent/box2d_all/,MountainCarContinuous-v0,<function postprocess_default at 0x7fdd1f24d048>,ddpg
